Maturity,SwapRate
4.00000000,0.02779359
4.70000000,0.02750064
5.50000000,0.03594931
