Maturity,SwapRate
2.40000000,0.01667506
4.00000000,0.02779359
6.00000000,0.03122564
10.00000000,0.03034558
