Maturity,SwapRate
4.00000000,0.02778545
4.70000000,0.03041396
5.50000000,0.03579924
