Maturity,SwapRate
0.50000000,0.01000000
1.00000000,0.01500000
2.00000000,0.01900000
3.00000000,0.02400000
5.00000000,0.03150000
6.00000000,0.04000000
