Time,ZeroRate
0.50000000,0.00997508
1.00000000,0.01496269
2.00000000,0.01896485
3.00000000,0.02402950
5.00000000,0.03178973
6.00000000,0.04111352
