Time,ZeroRate
0.50000000,0.00997508
1.00000000,0.00749067
2.00000000,0.01434158
3.00000000,0.02023314
5.00000000,0.02914099
